{
  "SensorUltraviolet -\u003e zwave:device:be5fa595:node4:sensor_ultraviolet": {
    "class": "org.eclipse.smarthome.core.thing.link.ItemChannelLink",
    "value": {
      "channelUID": {
        "segments": [
          "zwave",
          "device",
          "be5fa595",
          "node4",
          "sensor_ultraviolet"
        ]
      },
      "configuration": {
        "properties": {
          "profile": "system:default"
        }
      },
      "itemName": "SensorUltraviolet"
    }
  },
  "WallPlugSwitch1_ElectricMeterKWh -\u003e zwave:device:be5fa595:node3:meter_kwh": {
    "class": "org.eclipse.smarthome.core.thing.link.ItemChannelLink",
    "value": {
      "channelUID": {
        "segments": [
          "zwave",
          "device",
          "be5fa595",
          "node3",
          "meter_kwh"
        ]
      },
      "configuration": {
        "properties": {
          "profile": "system:default"
        }
      },
      "itemName": "WallPlugSwitch1_ElectricMeterKWh"
    }
  },
  "LocalForecastedApparentTemperature_6 -\u003e openweathermap:weather-and-forecast:62893496:forecastHours06#apparent-temperature": {
    "class": "org.eclipse.smarthome.core.thing.link.ItemChannelLink",
    "value": {
      "channelUID": {
        "segments": [
          "openweathermap",
          "weather-and-forecast",
          "62893496",
          "forecastHours06#apparent-temperature"
        ]
      },
      "configuration": {
        "properties": {
          "profile": "system:default"
        }
      },
      "itemName": "LocalForecastedApparentTemperature_6"
    }
  },
  "LocalForecastedRain_6 -\u003e openweathermap:weather-and-forecast:62893496:forecastHours06#rain": {
    "class": "org.eclipse.smarthome.core.thing.link.ItemChannelLink",
    "value": {
      "channelUID": {
        "segments": [
          "openweathermap",
          "weather-and-forecast",
          "62893496",
          "forecastHours06#rain"
        ]
      },
      "configuration": {
        "properties": {
          "profile": "system:default"
        }
      },
      "itemName": "LocalForecastedRain_6"
    }
  },
  "LocalForecastedTemperature_6 -\u003e openweathermap:weather-and-forecast:62893496:forecastHours06#temperature": {
    "class": "org.eclipse.smarthome.core.thing.link.ItemChannelLink",
    "value": {
      "channelUID": {
        "segments": [
          "openweathermap",
          "weather-and-forecast",
          "62893496",
          "forecastHours06#temperature"
        ]
      },
      "configuration": {
        "properties": {
          "profile": "system:default"
        }
      },
      "itemName": "LocalForecastedTemperature_6"
    }
  },
  "SensorRelativeHumidity -\u003e zwave:device:be5fa595:node4:sensor_relhumidity": {
    "class": "org.eclipse.smarthome.core.thing.link.ItemChannelLink",
    "value": {
      "channelUID": {
        "segments": [
          "zwave",
          "device",
          "be5fa595",
          "node4",
          "sensor_relhumidity"
        ]
      },
      "configuration": {
        "properties": {
          "profile": "system:default"
        }
      },
      "itemName": "SensorRelativeHumidity"
    }
  },
  "LocalForecastedRain_3 -\u003e openweathermap:weather-and-forecast:62893496:forecastHours03#rain": {
    "class": "org.eclipse.smarthome.core.thing.link.ItemChannelLink",
    "value": {
      "channelUID": {
        "segments": [
          "openweathermap",
          "weather-and-forecast",
          "62893496",
          "forecastHours03#rain"
        ]
      },
      "configuration": {
        "properties": {
          "profile": "system:default"
        }
      },
      "itemName": "LocalForecastedRain_3"
    }
  },
  "LocalForecastedTemperature_3 -\u003e openweathermap:weather-and-forecast:62893496:forecastHours03#temperature": {
    "class": "org.eclipse.smarthome.core.thing.link.ItemChannelLink",
    "value": {
      "channelUID": {
        "segments": [
          "openweathermap",
          "weather-and-forecast",
          "62893496",
          "forecastHours03#temperature"
        ]
      },
      "configuration": {
        "properties": {
          "profile": "system:default"
        }
      },
      "itemName": "LocalForecastedTemperature_3"
    }
  },
  "localCurrentUVIndex -\u003e openweathermap:uvindex:88dfd2d2:current#uvindex": {
    "class": "org.eclipse.smarthome.core.thing.link.ItemChannelLink",
    "value": {
      "channelUID": {
        "segments": [
          "openweathermap",
          "uvindex",
          "88dfd2d2",
          "current#uvindex"
        ]
      },
      "configuration": {
        "properties": {
          "profile": "system:default"
        }
      },
      "itemName": "localCurrentUVIndex"
    }
  },
  "Multisensor_outside_TamperAlarm -\u003e zwave:device:be5fa595:node5:alarm_tamper": {
    "class": "org.eclipse.smarthome.core.thing.link.ItemChannelLink",
    "value": {
      "channelUID": {
        "segments": [
          "zwave",
          "device",
          "be5fa595",
          "node5",
          "alarm_tamper"
        ]
      },
      "configuration": {
        "properties": {
          "profile": "system:default"
        }
      },
      "itemName": "Multisensor_outside_TamperAlarm"
    }
  },
  "SensorTemperature -\u003e zwave:device:be5fa595:node4:sensor_temperature": {
    "class": "org.eclipse.smarthome.core.thing.link.ItemChannelLink",
    "value": {
      "channelUID": {
        "segments": [
          "zwave",
          "device",
          "be5fa595",
          "node4",
          "sensor_temperature"
        ]
      },
      "configuration": {
        "properties": {
          "profile": "system:default"
        }
      },
      "itemName": "SensorTemperature"
    }
  },
  "Multisensor_outside_SensorLuminance -\u003e zwave:device:be5fa595:node5:sensor_luminance": {
    "class": "org.eclipse.smarthome.core.thing.link.ItemChannelLink",
    "value": {
      "channelUID": {
        "segments": [
          "zwave",
          "device",
          "be5fa595",
          "node5",
          "sensor_luminance"
        ]
      },
      "configuration": {
        "properties": {
          "profile": "system:default"
        }
      },
      "itemName": "Multisensor_outside_SensorLuminance"
    }
  },
  "LocalForecastedHumidity_6 -\u003e openweathermap:weather-and-forecast:62893496:forecastHours06#humidity": {
    "class": "org.eclipse.smarthome.core.thing.link.ItemChannelLink",
    "value": {
      "channelUID": {
        "segments": [
          "openweathermap",
          "weather-and-forecast",
          "62893496",
          "forecastHours06#humidity"
        ]
      },
      "configuration": {
        "properties": {
          "profile": "system:default"
        }
      },
      "itemName": "LocalForecastedHumidity_6"
    }
  },
  "MotionAlarm -\u003e zwave:device:be5fa595:node4:alarm_motion": {
    "class": "org.eclipse.smarthome.core.thing.link.ItemChannelLink",
    "value": {
      "channelUID": {
        "segments": [
          "zwave",
          "device",
          "be5fa595",
          "node4",
          "alarm_motion"
        ]
      },
      "configuration": {
        "properties": {
          "profile": "system:default"
        }
      },
      "itemName": "MotionAlarm"
    }
  },
  "LocalCurrent_Snow -\u003e openweathermap:weather-and-forecast:62893496:current#snow": {
    "class": "org.eclipse.smarthome.core.thing.link.ItemChannelLink",
    "value": {
      "channelUID": {
        "segments": [
          "openweathermap",
          "weather-and-forecast",
          "62893496",
          "current#snow"
        ]
      },
      "configuration": {
        "properties": {
          "profile": "system:default"
        }
      },
      "itemName": "LocalCurrent_Snow"
    }
  },
  "LocalCurrent_Cloudiness -\u003e openweathermap:weather-and-forecast:62893496:current#cloudiness": {
    "class": "org.eclipse.smarthome.core.thing.link.ItemChannelLink",
    "value": {
      "channelUID": {
        "segments": [
          "openweathermap",
          "weather-and-forecast",
          "62893496",
          "current#cloudiness"
        ]
      },
      "configuration": {
        "properties": {
          "profile": "system:default"
        }
      },
      "itemName": "LocalCurrent_Cloudiness"
    }
  },
  "Multisensor_outside_MotionAlarm -\u003e zwave:device:be5fa595:node5:alarm_motion": {
    "class": "org.eclipse.smarthome.core.thing.link.ItemChannelLink",
    "value": {
      "channelUID": {
        "segments": [
          "zwave",
          "device",
          "be5fa595",
          "node5",
          "alarm_motion"
        ]
      },
      "configuration": {
        "properties": {
          "profile": "system:default"
        }
      },
      "itemName": "Multisensor_outside_MotionAlarm"
    }
  },
  "SensorLuminance -\u003e zwave:device:be5fa595:node4:sensor_luminance": {
    "class": "org.eclipse.smarthome.core.thing.link.ItemChannelLink",
    "value": {
      "channelUID": {
        "segments": [
          "zwave",
          "device",
          "be5fa595",
          "node4",
          "sensor_luminance"
        ]
      },
      "configuration": {
        "properties": {
          "profile": "system:default"
        }
      },
      "itemName": "SensorLuminance"
    }
  },
  "localCurrentTemperature -\u003e openweathermap:weather-and-forecast:62893496:current#temperature": {
    "class": "org.eclipse.smarthome.core.thing.link.ItemChannelLink",
    "value": {
      "channelUID": {
        "segments": [
          "openweathermap",
          "weather-and-forecast",
          "62893496",
          "current#temperature"
        ]
      },
      "configuration": {
        "properties": {
          "profile": "system:default"
        }
      },
      "itemName": "localCurrentTemperature"
    }
  },
  "Multisensor_outside_SensorRelativeHumidity -\u003e zwave:device:be5fa595:node5:sensor_relhumidity": {
    "class": "org.eclipse.smarthome.core.thing.link.ItemChannelLink",
    "value": {
      "channelUID": {
        "segments": [
          "zwave",
          "device",
          "be5fa595",
          "node5",
          "sensor_relhumidity"
        ]
      },
      "configuration": {
        "properties": {
          "profile": "system:default"
        }
      },
      "itemName": "Multisensor_outside_SensorRelativeHumidity"
    }
  },
  "LocalForecastedCloudiness_3 -\u003e openweathermap:weather-and-forecast:62893496:forecastHours03#cloudiness": {
    "class": "org.eclipse.smarthome.core.thing.link.ItemChannelLink",
    "value": {
      "channelUID": {
        "segments": [
          "openweathermap",
          "weather-and-forecast",
          "62893496",
          "forecastHours03#cloudiness"
        ]
      },
      "configuration": {
        "properties": {
          "profile": "system:default"
        }
      },
      "itemName": "LocalForecastedCloudiness_3"
    }
  },
  "TamperAlarm -\u003e zwave:device:be5fa595:node4:alarm_tamper": {
    "class": "org.eclipse.smarthome.core.thing.link.ItemChannelLink",
    "value": {
      "channelUID": {
        "segments": [
          "zwave",
          "device",
          "be5fa595",
          "node4",
          "alarm_tamper"
        ]
      },
      "configuration": {
        "properties": {
          "profile": "system:default"
        }
      },
      "itemName": "TamperAlarm"
    }
  },
  "localCurrentHumidity -\u003e openweathermap:weather-and-forecast:62893496:current#humidity": {
    "class": "org.eclipse.smarthome.core.thing.link.ItemChannelLink",
    "value": {
      "channelUID": {
        "segments": [
          "openweathermap",
          "weather-and-forecast",
          "62893496",
          "current#humidity"
        ]
      },
      "configuration": {
        "properties": {
          "profile": "system:default"
        }
      },
      "itemName": "localCurrentHumidity"
    }
  },
  "LocalForecastedSnow_3 -\u003e openweathermap:weather-and-forecast:62893496:forecastHours03#snow": {
    "class": "org.eclipse.smarthome.core.thing.link.ItemChannelLink",
    "value": {
      "channelUID": {
        "segments": [
          "openweathermap",
          "weather-and-forecast",
          "62893496",
          "forecastHours03#snow"
        ]
      },
      "configuration": {
        "properties": {
          "profile": "system:default"
        }
      },
      "itemName": "LocalForecastedSnow_3"
    }
  },
  "LocalCurrent_Rain -\u003e openweathermap:weather-and-forecast:62893496:current#rain": {
    "class": "org.eclipse.smarthome.core.thing.link.ItemChannelLink",
    "value": {
      "channelUID": {
        "segments": [
          "openweathermap",
          "weather-and-forecast",
          "62893496",
          "current#rain"
        ]
      },
      "configuration": {
        "properties": {
          "profile": "system:default"
        }
      },
      "itemName": "LocalCurrent_Rain"
    }
  },
  "LocalForecastedHumidity_3 -\u003e openweathermap:weather-and-forecast:62893496:forecastHours03#humidity": {
    "class": "org.eclipse.smarthome.core.thing.link.ItemChannelLink",
    "value": {
      "channelUID": {
        "segments": [
          "openweathermap",
          "weather-and-forecast",
          "62893496",
          "forecastHours03#humidity"
        ]
      },
      "configuration": {
        "properties": {
          "profile": "system:default"
        }
      },
      "itemName": "LocalForecastedHumidity_3"
    }
  },
  "localCurrentUVIndex -\u003e openweathermap:uvindex:53648b13:local:current#uvindex": {
    "class": "org.eclipse.smarthome.core.thing.link.ItemChannelLink",
    "value": {
      "channelUID": {
        "segments": [
          "openweathermap",
          "uvindex",
          "53648b13",
          "local",
          "current#uvindex"
        ]
      },
      "configuration": {
        "properties": {
          "profile": "system:default"
        }
      },
      "itemName": "localCurrentUVIndex"
    }
  },
  "localCurrentApparentTemperature -\u003e openweathermap:weather-and-forecast:62893496:current#apparent-temperature": {
    "class": "org.eclipse.smarthome.core.thing.link.ItemChannelLink",
    "value": {
      "channelUID": {
        "segments": [
          "openweathermap",
          "weather-and-forecast",
          "62893496",
          "current#apparent-temperature"
        ]
      },
      "configuration": {
        "properties": {
          "profile": "system:default"
        }
      },
      "itemName": "localCurrentApparentTemperature"
    }
  },
  "LocalForecastedApparentTemperature_3 -\u003e openweathermap:weather-and-forecast:62893496:forecastHours03#apparent-temperature": {
    "class": "org.eclipse.smarthome.core.thing.link.ItemChannelLink",
    "value": {
      "channelUID": {
        "segments": [
          "openweathermap",
          "weather-and-forecast",
          "62893496",
          "forecastHours03#apparent-temperature"
        ]
      },
      "configuration": {
        "properties": {
          "profile": "system:default"
        }
      },
      "itemName": "LocalForecastedApparentTemperature_3"
    }
  },
  "LocalForecastedSnow_6 -\u003e openweathermap:weather-and-forecast:62893496:forecastHours06#snow": {
    "class": "org.eclipse.smarthome.core.thing.link.ItemChannelLink",
    "value": {
      "channelUID": {
        "segments": [
          "openweathermap",
          "weather-and-forecast",
          "62893496",
          "forecastHours06#snow"
        ]
      },
      "configuration": {
        "properties": {
          "profile": "system:default"
        }
      },
      "itemName": "LocalForecastedSnow_6"
    }
  },
  "WallPlugSwitch1_SensorPower_1 -\u003e zwave:device:be5fa595:node3:sensor_power": {
    "class": "org.eclipse.smarthome.core.thing.link.ItemChannelLink",
    "value": {
      "channelUID": {
        "segments": [
          "zwave",
          "device",
          "be5fa595",
          "node3",
          "sensor_power"
        ]
      },
      "configuration": {
        "properties": {
          "profile": "system:default"
        }
      },
      "itemName": "WallPlugSwitch1_SensorPower_1"
    }
  },
  "WallPlugSwitch1_ElectricMeterWatts -\u003e zwave:device:be5fa595:node3:meter_watts": {
    "class": "org.eclipse.smarthome.core.thing.link.ItemChannelLink",
    "value": {
      "channelUID": {
        "segments": [
          "zwave",
          "device",
          "be5fa595",
          "node3",
          "meter_watts"
        ]
      },
      "configuration": {
        "properties": {
          "profile": "system:default"
        }
      },
      "itemName": "WallPlugSwitch1_ElectricMeterWatts"
    }
  },
  "WallPlugSwitch1_Switch_1 -\u003e zwave:device:be5fa595:node3:switch_binary": {
    "class": "org.eclipse.smarthome.core.thing.link.ItemChannelLink",
    "value": {
      "channelUID": {
        "segments": [
          "zwave",
          "device",
          "be5fa595",
          "node3",
          "switch_binary"
        ]
      },
      "configuration": {
        "properties": {
          "profile": "system:default"
        }
      },
      "itemName": "WallPlugSwitch1_Switch_1"
    }
  },
  "Multisensor_outside_SensorUltraviolet -\u003e zwave:device:be5fa595:node5:sensor_ultraviolet": {
    "class": "org.eclipse.smarthome.core.thing.link.ItemChannelLink",
    "value": {
      "channelUID": {
        "segments": [
          "zwave",
          "device",
          "be5fa595",
          "node5",
          "sensor_ultraviolet"
        ]
      },
      "configuration": {
        "properties": {
          "profile": "system:default"
        }
      },
      "itemName": "Multisensor_outside_SensorUltraviolet"
    }
  },
  "Multisensor_outside_SensorTemperature -\u003e zwave:device:be5fa595:node5:sensor_temperature": {
    "class": "org.eclipse.smarthome.core.thing.link.ItemChannelLink",
    "value": {
      "channelUID": {
        "segments": [
          "zwave",
          "device",
          "be5fa595",
          "node5",
          "sensor_temperature"
        ]
      },
      "configuration": {
        "properties": {
          "profile": "system:default"
        }
      },
      "itemName": "Multisensor_outside_SensorTemperature"
    }
  },
  "LocalForecastedCloudiness_6 -\u003e openweathermap:weather-and-forecast:62893496:forecastHours06#cloudiness": {
    "class": "org.eclipse.smarthome.core.thing.link.ItemChannelLink",
    "value": {
      "channelUID": {
        "segments": [
          "openweathermap",
          "weather-and-forecast",
          "62893496",
          "forecastHours06#cloudiness"
        ]
      },
      "configuration": {
        "properties": {
          "profile": "system:default"
        }
      },
      "itemName": "LocalForecastedCloudiness_6"
    }
  }
}