{
  "Today_energy_consumption": {
    "class": "org.eclipse.smarthome.core.items.ManagedItemProvider$PersistedItem",
    "value": {
      "groupNames": [],
      "itemType": "Number",
      "tags": [],
      "label": "Today_energy_consumption",
      "category": "Energy"
    }
  },
  "sensor1_humidity": {
    "class": "org.eclipse.smarthome.core.items.ManagedItemProvider$PersistedItem",
    "value": {
      "groupNames": [],
      "itemType": "Number:Dimensionless",
      "tags": [],
      "label": "sensor1_humidity",
      "category": "humidity"
    }
  },
  "Socket_3_override": {
    "class": "org.eclipse.smarthome.core.items.ManagedItemProvider$PersistedItem",
    "value": {
      "groupNames": [],
      "itemType": "Switch",
      "tags": [],
      "label": "Socket_3_override",
      "category": "switch"
    }
  },
  "temperature_inside_50": {
    "class": "org.eclipse.smarthome.core.items.ManagedItemProvider$PersistedItem",
    "value": {
      "groupNames": [],
      "itemType": "Number",
      "tags": [],
      "label": "temperature_inside_50",
      "category": "temperature"
    }
  },
  "Socket_power_51": {
    "class": "org.eclipse.smarthome.core.items.ManagedItemProvider$PersistedItem",
    "value": {
      "groupNames": [],
      "itemType": "Number",
      "tags": [],
      "label": "Socket_power_51",
      "category": "power"
    }
  },
  "TamperAlarm": {
    "class": "org.eclipse.smarthome.core.items.ManagedItemProvider$PersistedItem",
    "value": {
      "groupNames": [],
      "itemType": "Switch",
      "tags": [],
      "label": "Tamper Alarm"
    }
  },
  "WallPlugSwitch1_SensorPower_1": {
    "class": "org.eclipse.smarthome.core.items.ManagedItemProvider$PersistedItem",
    "value": {
      "groupNames": [],
      "itemType": "Number",
      "tags": [],
      "label": "Sensor (power)",
      "category": "Energy"
    }
  },
  "Socket_2_override": {
    "class": "org.eclipse.smarthome.core.items.ManagedItemProvider$PersistedItem",
    "value": {
      "groupNames": [],
      "itemType": "Switch",
      "tags": [],
      "label": "Socket_2_override",
      "category": "switch"
    }
  },
  "SensorTemperature": {
    "class": "org.eclipse.smarthome.core.items.ManagedItemProvider$PersistedItem",
    "value": {
      "groupNames": [],
      "itemType": "Number:Temperature",
      "tags": [],
      "label": "Sensor (temperature)",
      "category": "Temperature"
    }
  },
  "wind_sensor_channel_0": {
    "class": "org.eclipse.smarthome.core.items.ManagedItemProvider$PersistedItem",
    "value": {
      "groupNames": [],
      "itemType": "Number",
      "tags": [],
      "label": "wind_sensor_channel_0"
    }
  },
  "LocalForecastedApparentTemperature_3": {
    "class": "org.eclipse.smarthome.core.items.ManagedItemProvider$PersistedItem",
    "value": {
      "groupNames": [],
      "itemType": "Number:Temperature",
      "tags": [],
      "label": "Forecasted Apparent Temperature",
      "category": "Temperature"
    }
  },
  "LocalForecastedApparentTemperature_6": {
    "class": "org.eclipse.smarthome.core.items.ManagedItemProvider$PersistedItem",
    "value": {
      "groupNames": [],
      "itemType": "Number:Temperature",
      "tags": [],
      "label": "Forecasted Apparent Temperature",
      "category": "Temperature"
    }
  },
  "wind_sensor_channel_8": {
    "class": "org.eclipse.smarthome.core.items.ManagedItemProvider$PersistedItem",
    "value": {
      "groupNames": [],
      "itemType": "Number",
      "tags": [],
      "label": "wind_sensor_channel_8"
    }
  },
  "wind_sensor_channel_9": {
    "class": "org.eclipse.smarthome.core.items.ManagedItemProvider$PersistedItem",
    "value": {
      "groupNames": [],
      "itemType": "Number",
      "tags": [],
      "label": "wind_sensor_channel_9"
    }
  },
  "wind_sensor_channel_6": {
    "class": "org.eclipse.smarthome.core.items.ManagedItemProvider$PersistedItem",
    "value": {
      "groupNames": [],
      "itemType": "Number",
      "tags": [],
      "label": "wind_sensor_channel_6"
    }
  },
  "LocalCurrent_Cloudiness": {
    "class": "org.eclipse.smarthome.core.items.ManagedItemProvider$PersistedItem",
    "value": {
      "groupNames": [],
      "itemType": "Number:Dimensionless",
      "tags": [],
      "label": "Cloudiness",
      "category": "Clouds"
    }
  },
  "wind_sensor_channel_7": {
    "class": "org.eclipse.smarthome.core.items.ManagedItemProvider$PersistedItem",
    "value": {
      "groupNames": [],
      "itemType": "Number",
      "tags": [],
      "label": "wind_sensor_channel_7"
    }
  },
  "Lunos_Ventilation_Mode": {
    "class": "org.eclipse.smarthome.core.items.ManagedItemProvider$PersistedItem",
    "value": {
      "groupNames": [],
      "itemType": "Number",
      "tags": [],
      "label": "Lunos_Ventilation_Mode"
    }
  },
  "Multisensor_outside_SensorRelativeHumidity": {
    "class": "org.eclipse.smarthome.core.items.ManagedItemProvider$PersistedItem",
    "value": {
      "groupNames": [],
      "itemType": "Number",
      "tags": [],
      "label": "Sensor (relative humidity)",
      "category": "Humidity"
    }
  },
  "localCurrentUVIndex": {
    "class": "org.eclipse.smarthome.core.items.ManagedItemProvider$PersistedItem",
    "value": {
      "groupNames": [],
      "itemType": "Number",
      "tags": [],
      "label": "UV Index"
    }
  },
  "WallPlugSwitch1_ResetTheTotalPowerConsumption": {
    "class": "org.eclipse.smarthome.core.items.ManagedItemProvider$PersistedItem",
    "value": {
      "groupNames": [],
      "itemType": "Switch",
      "tags": [],
      "label": "Reset the total power consumption",
      "category": "Energy"
    }
  },
  "SensorRelativeHumidity": {
    "class": "org.eclipse.smarthome.core.items.ManagedItemProvider$PersistedItem",
    "value": {
      "groupNames": [],
      "itemType": "Number",
      "tags": [],
      "label": "Sensor (relative humidity)",
      "category": "Humidity"
    }
  },
  "temperature_outside_50": {
    "class": "org.eclipse.smarthome.core.items.ManagedItemProvider$PersistedItem",
    "value": {
      "groupNames": [],
      "itemType": "Number",
      "tags": [],
      "label": "temperature_outside_50",
      "category": "temperature"
    }
  },
  "Solar_radiation_2": {
    "class": "org.eclipse.smarthome.core.items.ManagedItemProvider$PersistedItem",
    "value": {
      "groupNames": [],
      "itemType": "Number:Dimensionless",
      "tags": [],
      "label": "Solar_radiation_2"
    }
  },
  "LocalForecastedRain_6": {
    "class": "org.eclipse.smarthome.core.items.ManagedItemProvider$PersistedItem",
    "value": {
      "groupNames": [],
      "itemType": "Number:Length",
      "tags": [],
      "label": "Forecasted Rain",
      "category": "Rain"
    }
  },
  "WallPlugSwitch1_ElectricMeterWatts": {
    "class": "org.eclipse.smarthome.core.items.ManagedItemProvider$PersistedItem",
    "value": {
      "groupNames": [],
      "itemType": "Number",
      "tags": [],
      "label": "Electric meter (watts)",
      "category": "Energy"
    }
  },
  "Solar_radiation_1": {
    "class": "org.eclipse.smarthome.core.items.ManagedItemProvider$PersistedItem",
    "value": {
      "groupNames": [],
      "itemType": "Number:Dimensionless",
      "tags": [],
      "label": "Solar_radiation_1",
      "category": "radiation"
    }
  },
  "LocalForecastedCloudiness_6": {
    "class": "org.eclipse.smarthome.core.items.ManagedItemProvider$PersistedItem",
    "value": {
      "groupNames": [],
      "itemType": "Number:Dimensionless",
      "tags": [],
      "label": "Forecasted Cloudiness",
      "category": "Clouds"
    }
  },
  "sensor5_temperature": {
    "class": "org.eclipse.smarthome.core.items.ManagedItemProvider$PersistedItem",
    "value": {
      "groupNames": [],
      "itemType": "Number:Temperature",
      "tags": [],
      "label": "sensor5_temperature",
      "category": "temperature"
    }
  },
  "LocalForecastedCloudiness_3": {
    "class": "org.eclipse.smarthome.core.items.ManagedItemProvider$PersistedItem",
    "value": {
      "groupNames": [],
      "itemType": "Number:Dimensionless",
      "tags": [],
      "label": "Forecasted Cloudiness",
      "category": "Clouds"
    }
  },
  "MotionAlarm": {
    "class": "org.eclipse.smarthome.core.items.ManagedItemProvider$PersistedItem",
    "value": {
      "groupNames": [],
      "itemType": "Switch",
      "tags": [],
      "label": "Motion Alarm(inside)",
      "category": "Motion"
    }
  },
  "LocalForecastedHumidity_6": {
    "class": "org.eclipse.smarthome.core.items.ManagedItemProvider$PersistedItem",
    "value": {
      "groupNames": [],
      "itemType": "Number:Dimensionless",
      "tags": [],
      "label": "Forecasted Humidity",
      "category": "Humidity"
    }
  },
  "LocalForecastedHumidity_3": {
    "class": "org.eclipse.smarthome.core.items.ManagedItemProvider$PersistedItem",
    "value": {
      "groupNames": [],
      "itemType": "Number:Dimensionless",
      "tags": [],
      "label": "Forecasted Humidity",
      "category": "Humidity"
    }
  },
  "sensor4_temperature": {
    "class": "org.eclipse.smarthome.core.items.ManagedItemProvider$PersistedItem",
    "value": {
      "groupNames": [],
      "itemType": "Number:Temperature",
      "tags": [],
      "label": "sensor4_temperature",
      "category": "temperature"
    }
  },
  "LocalForecastedRain_3": {
    "class": "org.eclipse.smarthome.core.items.ManagedItemProvider$PersistedItem",
    "value": {
      "groupNames": [],
      "itemType": "Number:Length",
      "tags": [],
      "label": "Forecasted Rain",
      "category": "Rain"
    }
  },
  "sensor3_temperature": {
    "class": "org.eclipse.smarthome.core.items.ManagedItemProvider$PersistedItem",
    "value": {
      "groupNames": [
        "Indoor_temperature"
      ],
      "itemType": "Number:Temperature",
      "tags": [],
      "label": "sensor3_temperature",
      "category": "temperature"
    }
  },
  "wind_sensor_power": {
    "class": "org.eclipse.smarthome.core.items.ManagedItemProvider$PersistedItem",
    "value": {
      "groupNames": [],
      "itemType": "Number",
      "tags": [],
      "label": "wind_sensor_power"
    }
  },
  "sensor1_temperature": {
    "class": "org.eclipse.smarthome.core.items.ManagedItemProvider$PersistedItem",
    "value": {
      "groupNames": [],
      "itemType": "Number:Temperature",
      "tags": [],
      "label": "sensor1_temperature",
      "category": "temperature"
    }
  },
  "sensor2_temperature": {
    "class": "org.eclipse.smarthome.core.items.ManagedItemProvider$PersistedItem",
    "value": {
      "groupNames": [],
      "itemType": "Number:Temperature",
      "tags": [],
      "label": "sensor2_temperature",
      "category": "temperature"
    }
  },
  "localCurrentHumidity": {
    "class": "org.eclipse.smarthome.core.items.ManagedItemProvider$PersistedItem",
    "value": {
      "groupNames": [],
      "itemType": "Number:Dimensionless",
      "tags": [],
      "label": "Atmospheric Humidity",
      "category": "Humidity"
    }
  },
  "humidity_inside_50": {
    "class": "org.eclipse.smarthome.core.items.ManagedItemProvider$PersistedItem",
    "value": {
      "groupNames": [],
      "itemType": "Number",
      "tags": [],
      "label": "humidity_inside_50",
      "category": "humidity"
    }
  },
  "Lunos_Ventilation_Heat_Recovery_mode": {
    "class": "org.eclipse.smarthome.core.items.ManagedItemProvider$PersistedItem",
    "value": {
      "groupNames": [],
      "itemType": "Number",
      "tags": [],
      "label": "Lunos_Ventilation_Heat_Recovery_Mode"
    }
  },
  "WallPlugSwitch1_Switch_1": {
    "class": "org.eclipse.smarthome.core.items.ManagedItemProvider$PersistedItem",
    "value": {
      "groupNames": [],
      "itemType": "Switch",
      "tags": [],
      "label": "Switch",
      "category": "Switch"
    }
  },
  "Supply_air_flow_50": {
    "class": "org.eclipse.smarthome.core.items.ManagedItemProvider$PersistedItem",
    "value": {
      "groupNames": [],
      "itemType": "Number",
      "tags": [],
      "label": "Supply_air_flow_50"
    }
  },
  "Socket_Switch_51": {
    "class": "org.eclipse.smarthome.core.items.ManagedItemProvider$PersistedItem",
    "value": {
      "groupNames": [],
      "itemType": "Switch",
      "tags": [],
      "label": "Socket_Switch_51",
      "category": "switch"
    }
  },
  "Socket_4_override": {
    "class": "org.eclipse.smarthome.core.items.ManagedItemProvider$PersistedItem",
    "value": {
      "groupNames": [],
      "itemType": "Switch",
      "tags": [],
      "label": "Socket_4_override",
      "category": "switch"
    }
  },
  "SensorLuminance": {
    "class": "org.eclipse.smarthome.core.items.ManagedItemProvider$PersistedItem",
    "value": {
      "groupNames": [],
      "itemType": "Number",
      "tags": [],
      "label": "Sensor (luminance)"
    }
  },
  "sensor4_humidity": {
    "class": "org.eclipse.smarthome.core.items.ManagedItemProvider$PersistedItem",
    "value": {
      "groupNames": [],
      "itemType": "Number:Dimensionless",
      "tags": [],
      "label": "sensor4_humidity",
      "category": "humidity"
    }
  },
  "exhaust_air_flow_50": {
    "class": "org.eclipse.smarthome.core.items.ManagedItemProvider$PersistedItem",
    "value": {
      "groupNames": [],
      "itemType": "Number",
      "tags": [],
      "label": "exhaust_air_flow_50"
    }
  },
  "Socket_Energy_51": {
    "class": "org.eclipse.smarthome.core.items.ManagedItemProvider$PersistedItem",
    "value": {
      "groupNames": [],
      "itemType": "Number",
      "tags": [],
      "label": "Socket_Energy_51",
      "category": "Energy"
    }
  },
  "LocalCurrent_Rain": {
    "class": "org.eclipse.smarthome.core.items.ManagedItemProvider$PersistedItem",
    "value": {
      "groupNames": [],
      "itemType": "Number:Length",
      "tags": [],
      "label": "Rain",
      "category": "Rain"
    }
  },
  "LocalForecastedTemperature_6": {
    "class": "org.eclipse.smarthome.core.items.ManagedItemProvider$PersistedItem",
    "value": {
      "groupNames": [],
      "itemType": "Number:Temperature",
      "tags": [],
      "label": "Forecasted Temperature",
      "category": "Temperature"
    }
  },
  "LocalForecastedTemperature_3": {
    "class": "org.eclipse.smarthome.core.items.ManagedItemProvider$PersistedItem",
    "value": {
      "groupNames": [],
      "itemType": "Number:Temperature",
      "tags": [],
      "label": "Forecasted Temperature",
      "category": "Temperature"
    }
  },
  "localCurrentApparentTemperature": {
    "class": "org.eclipse.smarthome.core.items.ManagedItemProvider$PersistedItem",
    "value": {
      "groupNames": [],
      "itemType": "Number:Temperature",
      "tags": [],
      "label": "Apparent Temperature",
      "category": "Temperature"
    }
  },
  "localCurrentTemperature": {
    "class": "org.eclipse.smarthome.core.items.ManagedItemProvider$PersistedItem",
    "value": {
      "groupNames": [],
      "itemType": "Number:Temperature",
      "tags": [],
      "label": "Outdoor Temperature",
      "category": "Temperature"
    }
  },
  "Overall_energy_consumption": {
    "class": "org.eclipse.smarthome.core.items.ManagedItemProvider$PersistedItem",
    "value": {
      "groupNames": [],
      "itemType": "Number",
      "tags": [],
      "label": "Overall_energy_consumption",
      "category": "Energy"
    }
  },
  "Multisensor_outside_MotionAlarm": {
    "class": "org.eclipse.smarthome.core.items.ManagedItemProvider$PersistedItem",
    "value": {
      "groupNames": [],
      "itemType": "Switch",
      "tags": [],
      "label": "Motion Alarm",
      "category": "Motion"
    }
  },
  "LocalCurrent_Snow": {
    "class": "org.eclipse.smarthome.core.items.ManagedItemProvider$PersistedItem",
    "value": {
      "groupNames": [],
      "itemType": "Number:Length",
      "tags": [],
      "label": "Snow",
      "category": "Snow"
    }
  },
  "LocalForecastedSnow_3": {
    "class": "org.eclipse.smarthome.core.items.ManagedItemProvider$PersistedItem",
    "value": {
      "groupNames": [],
      "itemType": "Number:Length",
      "tags": [],
      "label": "Forecasted Snow",
      "category": "Snow"
    }
  },
  "LocalForecastedSnow_6": {
    "class": "org.eclipse.smarthome.core.items.ManagedItemProvider$PersistedItem",
    "value": {
      "groupNames": [],
      "itemType": "Number:Length",
      "tags": [],
      "label": "Forecasted Snow",
      "category": "Snow"
    }
  },
  "sensor3_humidity": {
    "class": "org.eclipse.smarthome.core.items.ManagedItemProvider$PersistedItem",
    "value": {
      "groupNames": [],
      "itemType": "Number:Dimensionless",
      "tags": [],
      "label": "sensor3_humidity",
      "category": "humidity"
    }
  },
  "Multisensor_outside_TamperAlarm": {
    "class": "org.eclipse.smarthome.core.items.ManagedItemProvider$PersistedItem",
    "value": {
      "groupNames": [],
      "itemType": "Switch",
      "tags": [],
      "label": "Tamper Alarm"
    }
  },
  "Control_Algorithm": {
    "class": "org.eclipse.smarthome.core.items.ManagedItemProvider$PersistedItem",
    "value": {
      "groupNames": [],
      "itemType": "Switch",
      "tags": [],
      "label": "Control_Algorithm"
    }
  },
  "Socket_1_override": {
    "class": "org.eclipse.smarthome.core.items.ManagedItemProvider$PersistedItem",
    "value": {
      "groupNames": [],
      "itemType": "Switch",
      "tags": [],
      "label": "Socket_1_override",
      "category": "switch"
    }
  },
  "Multisensor_outside_SensorUltraviolet": {
    "class": "org.eclipse.smarthome.core.items.ManagedItemProvider$PersistedItem",
    "value": {
      "groupNames": [],
      "itemType": "Number",
      "tags": [],
      "label": "Sensor (ultraviolet)"
    }
  },
  "WallPlugSwitch1_ElectricMeterKWh": {
    "class": "org.eclipse.smarthome.core.items.ManagedItemProvider$PersistedItem",
    "value": {
      "groupNames": [],
      "itemType": "Number",
      "tags": [],
      "label": "Electric meter (kWh)",
      "category": "Energy"
    }
  },
  "SensorUltraviolet": {
    "class": "org.eclipse.smarthome.core.items.ManagedItemProvider$PersistedItem",
    "value": {
      "groupNames": [],
      "itemType": "Number",
      "tags": [],
      "label": "Sensor (ultraviolet)"
    }
  },
  "Multisensor_outside_SensorTemperature": {
    "class": "org.eclipse.smarthome.core.items.ManagedItemProvider$PersistedItem",
    "value": {
      "groupNames": [],
      "itemType": "Number:Temperature",
      "tags": [],
      "label": "Sensor (temperature)",
      "category": "Temperature"
    }
  },
  "sensor5_humidity": {
    "class": "org.eclipse.smarthome.core.items.ManagedItemProvider$PersistedItem",
    "value": {
      "groupNames": [],
      "itemType": "Number:Dimensionless",
      "tags": [],
      "label": "sensor5_humidity",
      "category": "humidity"
    }
  },
  "Multisensor_outside_SensorLuminance": {
    "class": "org.eclipse.smarthome.core.items.ManagedItemProvider$PersistedItem",
    "value": {
      "groupNames": [],
      "itemType": "Number",
      "tags": [],
      "label": "Sensor (luminance)"
    }
  },
  "sensor2_humidity": {
    "class": "org.eclipse.smarthome.core.items.ManagedItemProvider$PersistedItem",
    "value": {
      "groupNames": [],
      "itemType": "Number:Dimensionless",
      "tags": [],
      "label": "sensor2_humidity",
      "category": "humidity"
    }
  },
  "humidity_outside_50": {
    "class": "org.eclipse.smarthome.core.items.ManagedItemProvider$PersistedItem",
    "value": {
      "groupNames": [],
      "itemType": "Number",
      "tags": [],
      "label": "humidity_outside_50",
      "category": "humidity"
    }
  },
  "wind_sensor_energy": {
    "class": "org.eclipse.smarthome.core.items.ManagedItemProvider$PersistedItem",
    "value": {
      "groupNames": [],
      "itemType": "Number",
      "tags": [],
      "label": "wind_sensor_energy"
    }
  }
}