<node>
  <homeId>0xdda36627</homeId>
  <nodeId>5</nodeId>
  <version>4</version>
  <manufacturer>0x86</manufacturer>
  <deviceId>0x64</deviceId>
  <deviceType>0x2</deviceType>
  <listening>true</listening>
  <frequentlyListening>false</frequentlyListening>
  <routing>true</routing>
  <security>false</security>
  <beaming>true</beaming>
  <maxBaudRate>40000</maxBaudRate>
  <sleepDelay>1000</sleepDelay>
  <nodeInformationFrame>
    <commandClass>COMMAND_CLASS_ZWAVEPLUS_INFO</commandClass>
    <commandClass>COMMAND_CLASS_VERSION</commandClass>
    <commandClass>COMMAND_CLASS_MANUFACTURER_SPECIFIC</commandClass>
    <commandClass>COMMAND_CLASS_ASSOCIATION_GRP_INFO</commandClass>
    <commandClass>COMMAND_CLASS_ASSOCIATION</commandClass>
    <commandClass>COMMAND_CLASS_POWERLEVEL</commandClass>
    <commandClass>COMMAND_CLASS_ALARM</commandClass>
    <commandClass>COMMAND_CLASS_WAKE_UP</commandClass>
    <commandClass>COMMAND_CLASS_BATTERY</commandClass>
    <commandClass>COMMAND_CLASS_SENSOR_BINARY</commandClass>
    <commandClass>COMMAND_CLASS_SENSOR_MULTILEVEL</commandClass>
    <commandClass>COMMAND_CLASS_CONFIGURATION</commandClass>
    <commandClass>COMMAND_CLASS_FIRMWARE_UPDATE_MD</commandClass>
    <commandClass>COMMAND_CLASS_DEVICE_RESET_LOCALLY</commandClass>
    <commandClass>COMMAND_CLASS_MARK</commandClass>
  </nodeInformationFrame>
  <associationGroups class="concurrent-hash-map">
    <entry>
      <int>1</int>
      <associationGroup>
        <index>1</index>
        <maxNodes>0</maxNodes>
        <name>Lifeline</name>
        <profile1>0x0</profile1>
        <profile2>0x1</profile2>
        <commands>
          <commandClass>COMMAND_CLASS_BASIC</commandClass>
          <commandClass>COMMAND_CLASS_ALARM</commandClass>
          <commandClass>COMMAND_CLASS_SENSOR_BINARY</commandClass>
          <commandClass>COMMAND_CLASS_DEVICE_RESET_LOCALLY</commandClass>
          <commandClass>COMMAND_CLASS_WAKE_UP</commandClass>
          <commandClass>COMMAND_CLASS_SENSOR_MULTILEVEL</commandClass>
          <commandClass>COMMAND_CLASS_BATTERY</commandClass>
        </commands>
        <associations>
          <associationMember>
            <node>1</node>
          </associationMember>
        </associations>
      </associationGroup>
    </entry>
  </associationGroups>
  <endpoints class="concurrent-hash-map">
    <entry>
      <int>0</int>
      <endPoint>
        <deviceClass>
          <basicDeviceClass>BASIC_TYPE_ROUTING_SLAVE</basicDeviceClass>
          <genericDeviceClass>GENERIC_TYPE_SENSOR_MULTILEVEL</genericDeviceClass>
          <specificDeviceClass>SPECIFIC_TYPE_ROUTING_SENSOR_MULTILEVEL</specificDeviceClass>
        </deviceClass>
        <endpointId>0</endpointId>
        <secureCommandClasses/>
        <supportedCommandClasses class="concurrent-hash-map">
          <entry>
            <commandClass>COMMAND_CLASS_VERSION</commandClass>
            <COMMAND__CLASS__VERSION>
              <version>2</version>
              <instances>1</instances>
              <control>false</control>
              <versionSupported>2</versionSupported>
              <libraryType>LIB_SLAVE_ENHANCED</libraryType>
              <protocolVersion>4.54</protocolVersion>
              <applicationVersion>1.12</applicationVersion>
              <hardwareVersion>100</hardwareVersion>
            </COMMAND__CLASS__VERSION>
          </entry>
          <entry>
            <commandClass>COMMAND_CLASS_DEVICE_RESET_LOCALLY</commandClass>
            <COMMAND__CLASS__DEVICE__RESET__LOCALLY>
              <version>1</version>
              <instances>1</instances>
              <control>false</control>
              <versionSupported>1</versionSupported>
            </COMMAND__CLASS__DEVICE__RESET__LOCALLY>
          </entry>
          <entry>
            <commandClass>COMMAND_CLASS_ASSOCIATION_GRP_INFO</commandClass>
            <COMMAND__CLASS__ASSOCIATION__GRP__INFO>
              <version>1</version>
              <instances>1</instances>
              <control>false</control>
              <versionSupported>1</versionSupported>
              <autoSubscribeGroups>
                <int>1</int>
              </autoSubscribeGroups>
            </COMMAND__CLASS__ASSOCIATION__GRP__INFO>
          </entry>
          <entry>
            <commandClass>COMMAND_CLASS_ZWAVEPLUS_INFO</commandClass>
            <COMMAND__CLASS__ZWAVEPLUS__INFO>
              <version>1</version>
              <instances>1</instances>
              <control>false</control>
              <versionSupported>2</versionSupported>
              <zwPlusVersion>1</zwPlusVersion>
              <zwPlusRole>ROLE_TYPE_SLAVE_ALWAYS_ON</zwPlusRole>
              <zwPlusNodeType>NODE_TYPE_ZWAVEPLUS_NODE</zwPlusNodeType>
              <isGetSupported>true</isGetSupported>
            </COMMAND__CLASS__ZWAVEPLUS__INFO>
          </entry>
          <entry>
            <commandClass>COMMAND_CLASS_SENSOR_MULTILEVEL</commandClass>
            <COMMAND__CLASS__SENSOR__MULTILEVEL>
              <version>5</version>
              <instances>1</instances>
              <control>false</control>
              <versionSupported>5</versionSupported>
              <sensors>
                <entry>
                  <multilevelSensorType>RELATIVE_HUMIDITY</multilevelSensorType>
                  <multilevelSensor>
                    <sensorType>RELATIVE_HUMIDITY</sensorType>
                    <initialised>true</initialised>
                  </multilevelSensor>
                </entry>
                <entry>
                  <multilevelSensorType>TEMPERATURE</multilevelSensorType>
                  <multilevelSensor>
                    <sensorType>TEMPERATURE</sensorType>
                    <initialised>true</initialised>
                  </multilevelSensor>
                </entry>
                <entry>
                  <multilevelSensorType>SEISMIC_MAGNITUDE</multilevelSensorType>
                  <multilevelSensor>
                    <sensorType>SEISMIC_MAGNITUDE</sensorType>
                    <initialised>false</initialised>
                  </multilevelSensor>
                </entry>
                <entry>
                  <multilevelSensorType>ULTRAVIOLET</multilevelSensorType>
                  <multilevelSensor>
                    <sensorType>ULTRAVIOLET</sensorType>
                    <initialised>true</initialised>
                  </multilevelSensor>
                </entry>
                <entry>
                  <multilevelSensorType>POWER</multilevelSensorType>
                  <multilevelSensor>
                    <sensorType>POWER</sensorType>
                    <initialised>false</initialised>
                  </multilevelSensor>
                </entry>
                <entry>
                  <multilevelSensorType>LUMINANCE</multilevelSensorType>
                  <multilevelSensor>
                    <sensorType>LUMINANCE</sensorType>
                    <initialised>true</initialised>
                  </multilevelSensor>
                </entry>
                <entry>
                  <multilevelSensorType>CO2</multilevelSensorType>
                  <multilevelSensor>
                    <sensorType>CO2</sensorType>
                    <initialised>false</initialised>
                  </multilevelSensor>
                </entry>
              </sensors>
              <isGetSupported>true</isGetSupported>
            </COMMAND__CLASS__SENSOR__MULTILEVEL>
          </entry>
          <entry>
            <commandClass>COMMAND_CLASS_BASIC</commandClass>
            <COMMAND__CLASS__BASIC>
              <version>1</version>
              <instances>1</instances>
              <control>false</control>
              <versionSupported>1</versionSupported>
              <isGetSupported>true</isGetSupported>
            </COMMAND__CLASS__BASIC>
          </entry>
          <entry>
            <commandClass>COMMAND_CLASS_CONFIGURATION</commandClass>
            <COMMAND__CLASS__CONFIGURATION>
              <version>1</version>
              <instances>1</instances>
              <control>false</control>
              <versionSupported>1</versionSupported>
              <configParameters>
                <entry>
                  <int>64</int>
                  <configurationParameter>
                    <index>64</index>
                    <size>1</size>
                    <value>1</value>
                    <readOnly>false</readOnly>
                    <writeOnly>false</writeOnly>
                  </configurationParameter>
                </entry>
                <entry>
                  <int>2</int>
                  <configurationParameter>
                    <index>2</index>
                    <size>1</size>
                    <value>0</value>
                    <readOnly>false</readOnly>
                    <writeOnly>false</writeOnly>
                  </configurationParameter>
                </entry>
                <entry>
                  <int>3</int>
                  <configurationParameter>
                    <index>3</index>
                    <size>2</size>
                    <value>30</value>
                    <readOnly>false</readOnly>
                    <writeOnly>false</writeOnly>
                  </configurationParameter>
                </entry>
                <entry>
                  <int>4</int>
                  <configurationParameter>
                    <index>4</index>
                    <size>1</size>
                    <value>5</value>
                    <readOnly>false</readOnly>
                    <writeOnly>false</writeOnly>
                  </configurationParameter>
                </entry>
                <entry>
                  <int>5</int>
                  <configurationParameter>
                    <index>5</index>
                    <size>1</size>
                    <value>1</value>
                    <readOnly>false</readOnly>
                    <writeOnly>false</writeOnly>
                  </configurationParameter>
                </entry>
                <entry>
                  <int>8</int>
                  <configurationParameter>
                    <index>8</index>
                    <size>1</size>
                    <value>15</value>
                    <readOnly>false</readOnly>
                    <writeOnly>false</writeOnly>
                  </configurationParameter>
                </entry>
                <entry>
                  <int>9</int>
                  <configurationParameter>
                    <index>9</index>
                    <size>2</size>
                    <value>2</value>
                    <readOnly>false</readOnly>
                    <writeOnly>false</writeOnly>
                  </configurationParameter>
                </entry>
                <entry>
                  <int>201</int>
                  <configurationParameter>
                    <index>201</index>
                    <size>2</size>
                    <value>1</value>
                    <readOnly>false</readOnly>
                    <writeOnly>false</writeOnly>
                  </configurationParameter>
                </entry>
                <entry>
                  <int>202</int>
                  <configurationParameter>
                    <index>202</index>
                    <size>1</size>
                    <value>0</value>
                    <readOnly>false</readOnly>
                    <writeOnly>false</writeOnly>
                  </configurationParameter>
                </entry>
                <entry>
                  <int>203</int>
                  <configurationParameter>
                    <index>203</index>
                    <size>2</size>
                    <value>0</value>
                    <readOnly>false</readOnly>
                    <writeOnly>false</writeOnly>
                  </configurationParameter>
                </entry>
                <entry>
                  <int>204</int>
                  <configurationParameter>
                    <index>204</index>
                    <size>1</size>
                    <value>0</value>
                    <readOnly>false</readOnly>
                    <writeOnly>false</writeOnly>
                  </configurationParameter>
                </entry>
                <entry>
                  <int>81</int>
                  <configurationParameter>
                    <index>81</index>
                    <size>1</size>
                    <value>0</value>
                    <readOnly>false</readOnly>
                    <writeOnly>false</writeOnly>
                  </configurationParameter>
                </entry>
                <entry>
                  <int>100</int>
                  <configurationParameter>
                    <index>100</index>
                    <size>1</size>
                    <value>0</value>
                    <readOnly>false</readOnly>
                    <writeOnly>true</writeOnly>
                  </configurationParameter>
                </entry>
                <entry>
                  <int>101</int>
                  <configurationParameter>
                    <index>101</index>
                    <size>4</size>
                    <value>241</value>
                    <readOnly>false</readOnly>
                    <writeOnly>false</writeOnly>
                  </configurationParameter>
                </entry>
                <entry>
                  <int>102</int>
                  <configurationParameter>
                    <index>102</index>
                    <size>4</size>
                    <value>0</value>
                    <readOnly>false</readOnly>
                    <writeOnly>false</writeOnly>
                  </configurationParameter>
                </entry>
                <entry>
                  <int>39</int>
                  <configurationParameter>
                    <index>39</index>
                    <size>1</size>
                    <value>20</value>
                    <readOnly>false</readOnly>
                    <writeOnly>false</writeOnly>
                  </configurationParameter>
                </entry>
                <entry>
                  <int>103</int>
                  <configurationParameter>
                    <index>103</index>
                    <size>4</size>
                    <value>0</value>
                    <readOnly>false</readOnly>
                    <writeOnly>false</writeOnly>
                  </configurationParameter>
                </entry>
                <entry>
                  <int>40</int>
                  <configurationParameter>
                    <index>40</index>
                    <size>1</size>
                    <value>0</value>
                    <readOnly>false</readOnly>
                    <writeOnly>false</writeOnly>
                  </configurationParameter>
                </entry>
                <entry>
                  <int>41</int>
                  <configurationParameter>
                    <index>41</index>
                    <size>1</size>
                    <value>0</value>
                    <readOnly>false</readOnly>
                    <writeOnly>true</writeOnly>
                  </configurationParameter>
                </entry>
                <entry>
                  <int>42</int>
                  <configurationParameter>
                    <index>42</index>
                    <size>1</size>
                    <value>10</value>
                    <readOnly>false</readOnly>
                    <writeOnly>false</writeOnly>
                  </configurationParameter>
                </entry>
                <entry>
                  <int>43</int>
                  <configurationParameter>
                    <index>43</index>
                    <size>2</size>
                    <value>20</value>
                    <readOnly>false</readOnly>
                    <writeOnly>false</writeOnly>
                  </configurationParameter>
                </entry>
                <entry>
                  <int>44</int>
                  <configurationParameter>
                    <index>44</index>
                    <size>1</size>
                    <value>10</value>
                    <readOnly>false</readOnly>
                    <writeOnly>false</writeOnly>
                  </configurationParameter>
                </entry>
                <entry>
                  <int>45</int>
                  <configurationParameter>
                    <index>45</index>
                    <size>1</size>
                    <value>2</value>
                    <readOnly>false</readOnly>
                    <writeOnly>false</writeOnly>
                  </configurationParameter>
                </entry>
                <entry>
                  <int>46</int>
                  <configurationParameter>
                    <index>46</index>
                    <size>1</size>
                    <value>0</value>
                    <readOnly>false</readOnly>
                    <writeOnly>false</writeOnly>
                  </configurationParameter>
                </entry>
                <entry>
                  <int>110</int>
                  <configurationParameter>
                    <index>110</index>
                    <size>1</size>
                    <value>0</value>
                    <readOnly>false</readOnly>
                    <writeOnly>true</writeOnly>
                  </configurationParameter>
                </entry>
                <entry>
                  <int>111</int>
                  <configurationParameter>
                    <index>111</index>
                    <size>4</size>
                    <value>60</value>
                    <readOnly>false</readOnly>
                    <writeOnly>false</writeOnly>
                  </configurationParameter>
                </entry>
                <entry>
                  <int>48</int>
                  <configurationParameter>
                    <index>48</index>
                    <size>1</size>
                    <value>0</value>
                    <readOnly>false</readOnly>
                    <writeOnly>false</writeOnly>
                  </configurationParameter>
                </entry>
                <entry>
                  <int>112</int>
                  <configurationParameter>
                    <index>112</index>
                    <size>4</size>
                    <value>3600</value>
                    <readOnly>false</readOnly>
                    <writeOnly>false</writeOnly>
                  </configurationParameter>
                </entry>
                <entry>
                  <int>49</int>
                  <configurationParameter>
                    <index>49</index>
                    <size>1</size>
                    <value>0</value>
                    <readOnly>false</readOnly>
                    <writeOnly>true</writeOnly>
                  </configurationParameter>
                </entry>
                <entry>
                  <int>113</int>
                  <configurationParameter>
                    <index>113</index>
                    <size>4</size>
                    <value>3600</value>
                    <readOnly>false</readOnly>
                    <writeOnly>false</writeOnly>
                  </configurationParameter>
                </entry>
                <entry>
                  <int>50</int>
                  <configurationParameter>
                    <index>50</index>
                    <size>1</size>
                    <value>0</value>
                    <readOnly>false</readOnly>
                    <writeOnly>true</writeOnly>
                  </configurationParameter>
                </entry>
                <entry>
                  <int>51</int>
                  <configurationParameter>
                    <index>51</index>
                    <size>1</size>
                    <value>60</value>
                    <readOnly>false</readOnly>
                    <writeOnly>false</writeOnly>
                  </configurationParameter>
                </entry>
                <entry>
                  <int>52</int>
                  <configurationParameter>
                    <index>52</index>
                    <size>1</size>
                    <value>50</value>
                    <readOnly>false</readOnly>
                    <writeOnly>false</writeOnly>
                  </configurationParameter>
                </entry>
                <entry>
                  <int>53</int>
                  <configurationParameter>
                    <index>53</index>
                    <size>2</size>
                    <value>1000</value>
                    <readOnly>false</readOnly>
                    <writeOnly>false</writeOnly>
                  </configurationParameter>
                </entry>
                <entry>
                  <int>54</int>
                  <configurationParameter>
                    <index>54</index>
                    <size>2</size>
                    <value>100</value>
                    <readOnly>false</readOnly>
                    <writeOnly>false</writeOnly>
                  </configurationParameter>
                </entry>
                <entry>
                  <int>55</int>
                  <configurationParameter>
                    <index>55</index>
                    <size>1</size>
                    <value>8</value>
                    <readOnly>false</readOnly>
                    <writeOnly>false</writeOnly>
                  </configurationParameter>
                </entry>
                <entry>
                  <int>56</int>
                  <configurationParameter>
                    <index>56</index>
                    <size>1</size>
                    <value>4</value>
                    <readOnly>false</readOnly>
                    <writeOnly>false</writeOnly>
                  </configurationParameter>
                </entry>
                <entry>
                  <int>57</int>
                  <configurationParameter>
                    <index>57</index>
                    <size>2</size>
                    <value>5121</value>
                    <readOnly>false</readOnly>
                    <writeOnly>false</writeOnly>
                  </configurationParameter>
                </entry>
                <entry>
                  <int>58</int>
                  <configurationParameter>
                    <index>58</index>
                    <size>1</size>
                    <value>5</value>
                    <readOnly>false</readOnly>
                    <writeOnly>false</writeOnly>
                  </configurationParameter>
                </entry>
                <entry>
                  <int>59</int>
                  <configurationParameter>
                    <index>59</index>
                    <size>1</size>
                    <value>10</value>
                    <readOnly>false</readOnly>
                    <writeOnly>false</writeOnly>
                  </configurationParameter>
                </entry>
                <entry>
                  <int>60</int>
                  <configurationParameter>
                    <index>60</index>
                    <size>1</size>
                    <value>2</value>
                    <readOnly>false</readOnly>
                    <writeOnly>false</writeOnly>
                  </configurationParameter>
                </entry>
                <entry>
                  <int>252</int>
                  <configurationParameter>
                    <index>252</index>
                    <size>1</size>
                    <value>0</value>
                    <readOnly>false</readOnly>
                    <writeOnly>false</writeOnly>
                  </configurationParameter>
                </entry>
                <entry>
                  <int>61</int>
                  <configurationParameter>
                    <index>61</index>
                    <size>1</size>
                    <value>0</value>
                    <readOnly>false</readOnly>
                    <writeOnly>false</writeOnly>
                  </configurationParameter>
                </entry>
                <entry>
                  <int>255</int>
                  <configurationParameter>
                    <index>255</index>
                    <size>1</size>
                    <value>0</value>
                    <readOnly>false</readOnly>
                    <writeOnly>true</writeOnly>
                  </configurationParameter>
                </entry>
              </configParameters>
            </COMMAND__CLASS__CONFIGURATION>
          </entry>
          <entry>
            <commandClass>COMMAND_CLASS_ALARM</commandClass>
            <COMMAND__CLASS__ALARM>
              <version>3</version>
              <instances>1</instances>
              <control>false</control>
              <versionSupported>3</versionSupported>
              <alarms>
                <entry>
                  <alarmType>BURGLAR</alarmType>
                  <alarmState>
                    <alarmType>BURGLAR</alarmType>
                    <reportedEvents/>
                    <outer-class reference="../../../.."/>
                  </alarmState>
                </entry>
              </alarms>
              <v1Supported>true</v1Supported>
              <isGetSupported>true</isGetSupported>
            </COMMAND__CLASS__ALARM>
          </entry>
          <entry>
            <commandClass>COMMAND_CLASS_SENSOR_BINARY</commandClass>
            <COMMAND__CLASS__SENSOR__BINARY>
              <version>1</version>
              <instances>1</instances>
              <control>false</control>
              <versionSupported>1</versionSupported>
              <isGetSupported>true</isGetSupported>
              <types/>
            </COMMAND__CLASS__SENSOR__BINARY>
          </entry>
          <entry>
            <commandClass>COMMAND_CLASS_NO_OPERATION</commandClass>
            <COMMAND__CLASS__NO__OPERATION>
              <version>1</version>
              <instances>1</instances>
              <control>false</control>
              <versionSupported>1</versionSupported>
            </COMMAND__CLASS__NO__OPERATION>
          </entry>
          <entry>
            <commandClass>COMMAND_CLASS_MANUFACTURER_SPECIFIC</commandClass>
            <COMMAND__CLASS__MANUFACTURER__SPECIFIC>
              <version>1</version>
              <instances>1</instances>
              <control>false</control>
              <versionSupported>2</versionSupported>
              <initSerialNumber>false</initSerialNumber>
              <deviceManufacturer>134</deviceManufacturer>
              <deviceType>2</deviceType>
              <deviceId>100</deviceId>
            </COMMAND__CLASS__MANUFACTURER__SPECIFIC>
          </entry>
          <entry>
            <commandClass>COMMAND_CLASS_ASSOCIATION</commandClass>
            <COMMAND__CLASS__ASSOCIATION>
              <version>2</version>
              <instances>1</instances>
              <control>false</control>
              <versionSupported>2</versionSupported>
              <maxGroups>1</maxGroups>
            </COMMAND__CLASS__ASSOCIATION>
          </entry>
          <entry>
            <commandClass>COMMAND_CLASS_WAKE_UP</commandClass>
            <COMMAND__CLASS__WAKE__UP>
              <version>2</version>
              <instances>1</instances>
              <control>false</control>
              <versionSupported>2</versionSupported>
              <targetNodeId>1</targetNodeId>
              <interval>3600</interval>
              <minInterval>240</minInterval>
              <maxInterval>3600</maxInterval>
              <defaultInterval>3600</defaultInterval>
              <intervalStep>60</intervalStep>
              <isGetSupported>true</isGetSupported>
            </COMMAND__CLASS__WAKE__UP>
          </entry>
          <entry>
            <commandClass>COMMAND_CLASS_FIRMWARE_UPDATE_MD</commandClass>
            <COMMAND__CLASS__FIRMWARE__UPDATE__MD>
              <version>1</version>
              <instances>1</instances>
              <control>false</control>
              <versionSupported>2</versionSupported>
            </COMMAND__CLASS__FIRMWARE__UPDATE__MD>
          </entry>
          <entry>
            <commandClass>COMMAND_CLASS_POWERLEVEL</commandClass>
            <COMMAND__CLASS__POWERLEVEL>
              <version>1</version>
              <instances>1</instances>
              <control>false</control>
              <versionSupported>1</versionSupported>
              <powerLevel>0</powerLevel>
              <powerTimeout>0</powerTimeout>
            </COMMAND__CLASS__POWERLEVEL>
          </entry>
          <entry>
            <commandClass>COMMAND_CLASS_BATTERY</commandClass>
            <COMMAND__CLASS__BATTERY>
              <version>1</version>
              <instances>1</instances>
              <control>false</control>
              <versionSupported>1</versionSupported>
              <batteryLevel>100</batteryLevel>
              <batteryLow>false</batteryLow>
              <isGetSupported>true</isGetSupported>
            </COMMAND__CLASS__BATTERY>
          </entry>
        </supportedCommandClasses>
      </endPoint>
    </entry>
  </endpoints>
  <nodeNeighbors>
    <int>1</int>
    <int>3</int>
    <int>4</int>
  </nodeNeighbors>
  <lastReceived>2022-01-12 01:57:12.635 UTC</lastReceived>
</node>