{
  "7f1b9d16-3630-4b6b-be4c-4b88588985d9": {
    "class": "org.openhab.core.automation.dto.RuleDTO",
    "value": {
      "triggers": [
        {
          "id": "1",
          "label": "an item state is updated",
          "description": "This triggers the rule if an item state is updated (even if it does not change).",
          "configuration": {
            "itemName": "Socket_2_override",
            "state": "ON"
          },
          "type": "core.ItemStateUpdateTrigger"
        }
      ],
      "conditions": [],
      "actions": [
        {
          "inputs": {},
          "id": "2",
          "label": "send a command",
          "description": "Sends a command to a specified item.",
          "configuration": {
            "itemName": "Socket_Switch_2",
            "command": "ON"
          },
          "type": "core.ItemCommandAction"
        }
      ],
      "configuration": {},
      "configDescriptions": [],
      "uid": "7f1b9d16-3630-4b6b-be4c-4b88588985d9",
      "name": "Socket_2_override_ON",
      "tags": [],
      "visibility": "VISIBLE"
    }
  },
  "13961f29-da57-49ed-945b-25d486949d2e": {
    "class": "org.openhab.core.automation.dto.RuleDTO",
    "value": {
      "triggers": [
        {
          "id": "1",
          "label": "an item state is updated",
          "description": "This triggers the rule if an item state is updated (even if it does not change).",
          "configuration": {
            "itemName": "Socket_2_override",
            "state": "OFF"
          },
          "type": "core.ItemStateUpdateTrigger"
        }
      ],
      "conditions": [],
      "actions": [
        {
          "inputs": {},
          "id": "2",
          "label": "send a command",
          "description": "Sends a command to a specified item.",
          "configuration": {
            "itemName": "Socket_Switch_2",
            "command": "OFF"
          },
          "type": "core.ItemCommandAction"
        }
      ],
      "configuration": {},
      "configDescriptions": [],
      "uid": "13961f29-da57-49ed-945b-25d486949d2e",
      "name": "Socket_2_override_OFF",
      "tags": [],
      "visibility": "VISIBLE"
    }
  },
  "52597d25-a245-48ca-9657-b6a93c14feb0": {
    "class": "org.openhab.core.automation.dto.RuleDTO",
    "value": {
      "triggers": [
        {
          "id": "1",
          "label": "an item state is updated",
          "description": "This triggers the rule if an item state is updated (even if it does not change).",
          "configuration": {
            "itemName": "Socket_1_override",
            "state": "OFF"
          },
          "type": "core.ItemStateUpdateTrigger"
        }
      ],
      "conditions": [],
      "actions": [
        {
          "inputs": {},
          "id": "2",
          "label": "send a command",
          "description": "Sends a command to a specified item.",
          "configuration": {
            "itemName": "Socket_Switch_1",
            "command": "OFF"
          },
          "type": "core.ItemCommandAction"
        }
      ],
      "configuration": {},
      "configDescriptions": [],
      "uid": "52597d25-a245-48ca-9657-b6a93c14feb0",
      "name": "Socket_1_override_OFF",
      "tags": [],
      "visibility": "VISIBLE"
    }
  },
  "7e64d184-130e-4721-b85f-95a8c6c50825": {
    "class": "org.openhab.core.automation.dto.RuleDTO",
    "value": {
      "triggers": [
        {
          "id": "1",
          "label": "an item state is updated",
          "description": "This triggers the rule if an item state is updated (even if it does not change).",
          "configuration": {
            "itemName": "Socket_1_override",
            "state": "ON"
          },
          "type": "core.ItemStateUpdateTrigger"
        }
      ],
      "conditions": [],
      "actions": [
        {
          "inputs": {},
          "id": "2",
          "label": "send a command",
          "description": "Sends a command to a specified item.",
          "configuration": {
            "itemName": "Socket_Switch_1",
            "command": "ON"
          },
          "type": "core.ItemCommandAction"
        }
      ],
      "configuration": {},
      "configDescriptions": [],
      "uid": "7e64d184-130e-4721-b85f-95a8c6c50825",
      "name": "Socket_1_override_ON",
      "tags": [],
      "visibility": "VISIBLE"
    }
  }
}