{
  "openweathermap:weather-and-forecast:53648b13:local": {
    "class": "org.eclipse.smarthome.config.discovery.internal.DiscoveryResultImpl",
    "value": {
      "bridgeUID": {
        "segments": [
          "openweathermap",
          "weather-api",
          "53648b13"
        ]
      },
      "thingUID": {
        "segments": [
          "openweathermap",
          "weather-and-forecast",
          "53648b13",
          "local"
        ]
      },
      "thingTypeUID": {
        "segments": [
          "openweathermap",
          "weather-and-forecast"
        ]
      },
      "properties": {
        "location": "51.0328832,13.7166848"
      },
      "representationProperty": "location",
      "flag": "IGNORED",
      "label": "Local weather and forecast",
      "timestamp": 1625742262361,
      "timeToLive": -1
    }
  }
}